{
  "n_calls": 5000,
  "ppo": {
    "total_s": 1.2376498999947216,
    "per_call_ms": 0.24752997999894433
  },
  "neat": {
    "total_s": 0.05233780000708066,
    "per_call_ms": 0.010467560001416132
  },
  "speedup_neat_over_ppo": 23.647342834954525
}